x,y,z
2007,0,1
2008,1,1
2009,0,1
2010,0,1
2011,0,1
2012,0,1
2013,1,1
2014,3,1
2015,1,1
2016,0,1
2017,0,1
2018,0,1
2019,0,1
2007,0,2
2008,0,2
2009,0,2
2010,0,2
2011,0,2
2012,0,2
2013,0,2
2014,0,2
2015,6,2
2016,0,2
2017,0,2
2018,0,2
2019,0,2
2007,0,3
2008,0,3
2009,0,3
2010,6,3
2011,0,3
2012,0,3
2013,0,3
2014,0,3
2015,0,3
2016,0,3
2017,0,3
2018,0,3
2019,0,3
2007,0,4
2008,0,4
2009,0,4
2010,0,4
2011,0,4
2012,0,4
2013,0,4
2014,0,4
2015,0,4
2016,1,4
2017,3,4
2018,2,4
2019,0,4
2007,0,5
2008,0,5
2009,3,5
2010,2,5
2011,1,5
2012,0,5
2013,0,5
2014,0,5
2015,0,5
2016,0,5
2017,0,5
2018,0,5
2019,0,5
2007,0,6
2008,0,6
2009,0,6
2010,0,6
2011,0,6
2012,6,6
2013,0,6
2014,0,6
2015,0,6
2016,0,6
2017,0,6
2018,0,6
2019,0,6
2007,0,7
2008,5,7
2009,0,7
2010,1,7
2011,0,7
2012,0,7
2013,0,7
2014,0,7
2015,0,7
2016,0,7
2017,0,7
2018,0,7
2019,0,7
2007,0,8
2008,0,8
2009,0,8
2010,0,8
2011,0,8
2012,0,8
2013,0,8
2014,6,8
2015,0,8
2016,0,8
2017,0,8
2018,0,8
2019,0,8
2007,0,9
2008,0,9
2009,6,9
2010,0,9
2011,0,9
2012,0,9
2013,0,9
2014,0,9
2015,0,9
2016,0,9
2017,0,9
2018,0,9
2019,0,9
2007,0,10
2008,0,10
2009,0,10
2010,0,10
2011,0,10
2012,0,10
2013,0,10
2014,0,10
2015,2,10
2016,0,10
2017,1,10
2018,2,10
2019,1,10
2007,0,11
2008,0,11
2009,0,11
2010,0,11
2011,0,11
2012,0,11
2013,0,11
2014,0,11
2015,0,11
2016,0,11
2017,0,11
2018,0,11
2019,6,11
2007,0,12
2008,0,12
2009,0,12
2010,0,12
2011,0,12
2012,0,12
2013,0,12
2014,0,12
2015,0,12
2016,0,12
2017,3,12
2018,3,12
2019,0,12
2007,0,13
2008,0,13
2009,0,13
2010,0,13
2011,0,13
2012,0,13
2013,0,13
2014,0,13
2015,6,13
2016,0,13
2017,0,13
2018,0,13
2019,0,13
2007,0,14
2008,0,14
2009,0,14
2010,0,14
2011,6,14
2012,0,14
2013,0,14
2014,0,14
2015,0,14
2016,0,14
2017,0,14
2018,0,14
2019,0,14
2007,0,15
2008,1,15
2009,1,15
2010,1,15
2011,1,15
2012,0,15
2013,1,15
2014,1,15
2015,1,15
2016,0,15
2017,0,15
2018,0,15
2019,0,15
2007,0,16
2008,0,16
2009,2,16
2010,0,16
2011,0,16
2012,1,16
2013,0,16
2014,1,16
2015,1,16
2016,1,16
2017,1,16
2018,0,16
2019,0,16
2007,0,17
2008,0,17
2009,0,17
2010,0,17
2011,0,17
2012,0,17
2013,0,17
2014,0,17
2015,0,17
2016,0,17
2017,1,17
2018,6,17
2019,0,17
2007,0,18
2008,0,18
2009,0,18
2010,0,18
2011,0,18
2012,4,18
2013,1,18
2014,0,18
2015,0,18
2016,2,18
2017,0,18
2018,0,18
2019,0,18
2007,1,19
2008,4,19
2009,0,19
2010,0,19
2011,0,19
2012,0,19
2013,0,19
2014,0,19
2015,1,19
2016,1,19
2017,0,19
2018,0,19
2019,0,19
2007,0,20
2008,0,20
2009,0,20
2010,0,20
2011,0,20
2012,6,20
2013,1,20
2014,0,20
2015,0,20
2016,0,20
2017,0,20
2018,0,20
2019,0,20
2007,0,21
2008,0,21
2009,0,21
2010,5,21
2011,2,21
2012,0,21
2013,0,21
2014,0,21
2015,0,21
2016,0,21
2017,0,21
2018,0,21
2019,0,21
2007,0,22
2008,0,22
2009,7,22
2010,0,22
2011,0,22
2012,0,22
2013,0,22
2014,0,22
2015,0,22
2016,0,22
2017,0,22
2018,0,22
2019,0,22
2007,0,23
2008,0,23
2009,0,23
2010,0,23
2011,0,23
2012,0,23
2013,0,23
2014,0,23
2015,7,23
2016,0,23
2017,0,23
2018,0,23
2019,0,23
2007,0,24
2008,0,24
2009,0,24
2010,0,24
2011,0,24
2012,0,24
2013,0,24
2014,0,24
2015,0,24
2016,0,24
2017,0,24
2018,2,24
2019,5,24
2007,0,25
2008,0,25
2009,0,25
2010,0,25
2011,0,25
2012,7,25
2013,0,25
2014,0,25
2015,0,25
2016,0,25
2017,0,25
2018,0,25
2019,0,25
2007,0,26
2008,0,26
2009,0,26
2010,0,26
2011,0,26
2012,0,26
2013,0,26
2014,0,26
2015,0,26
2016,1,26
2017,1,26
2018,6,26
2019,0,26
2007,0,27
2008,0,27
2009,0,27
2010,0,27
2011,5,27
2012,3,27
2013,0,27
2014,0,27
2015,0,27
2016,0,27
2017,0,27
2018,0,27
2019,0,27
2007,0,28
2008,0,28
2009,0,28
2010,0,28
2011,8,28
2012,0,28
2013,0,28
2014,0,28
2015,0,28
2016,0,28
2017,0,28
2018,0,28
2019,0,28
2007,0,29
2008,0,29
2009,0,29
2010,0,29
2011,5,29
2012,0,29
2013,0,29
2014,0,29
2015,0,29
2016,0,29
2017,1,29
2018,0,29
2019,2,29
2007,0,30
2008,0,30
2009,0,30
2010,0,30
2011,8,30
2012,0,30
2013,0,30
2014,0,30
2015,0,30
2016,0,30
2017,0,30
2018,0,30
2019,0,30
2007,0,31
2008,0,31
2009,0,31
2010,0,31
2011,0,31
2012,8,31
2013,0,31
2014,0,31
2015,0,31
2016,0,31
2017,0,31
2018,0,31
2019,0,31
2007,0,32
2008,0,32
2009,0,32
2010,0,32
2011,0,32
2012,0,32
2013,1,32
2014,0,32
2015,3,32
2016,4,32
2017,0,32
2018,0,32
2019,0,32
2007,0,33
2008,0,33
2009,0,33
2010,0,33
2011,0,33
2012,0,33
2013,0,33
2014,6,33
2015,2,33
2016,1,33
2017,0,33
2018,0,33
2019,0,33
2007,0,34
2008,0,34
2009,0,34
2010,0,34
2011,0,34
2012,0,34
2013,9,34
2014,0,34
2015,0,34
2016,0,34
2017,0,34
2018,0,34
2019,0,34
2007,0,35
2008,0,35
2009,0,35
2010,0,35
2011,0,35
2012,0,35
2013,0,35
2014,6,35
2015,2,35
2016,1,35
2017,0,35
2018,0,35
2019,0,35
2007,0,36
2008,0,36
2009,0,36
2010,1,36
2011,6,36
2012,0,36
2013,0,36
2014,0,36
2015,2,36
2016,0,36
2017,0,36
2018,0,36
2019,0,36
2007,0,37
2008,0,37
2009,5,37
2010,0,37
2011,0,37
2012,1,37
2013,0,37
2014,0,37
2015,2,37
2016,0,37
2017,0,37
2018,0,37
2019,1,37
2007,0,38
2008,0,38
2009,0,38
2010,0,38
2011,9,38
2012,0,38
2013,0,38
2014,0,38
2015,0,38
2016,0,38
2017,0,38
2018,0,38
2019,0,38
2007,0,39
2008,0,39
2009,0,39
2010,0,39
2011,0,39
2012,10,39
2013,0,39
2014,0,39
2015,0,39
2016,0,39
2017,0,39
2018,0,39
2019,0,39
2007,0,40
2008,0,40
2009,0,40
2010,0,40
2011,0,40
2012,0,40
2013,0,40
2014,0,40
2015,0,40
2016,0,40
2017,0,40
2018,6,40
2019,4,40
2007,0,41
2008,0,41
2009,0,41
2010,0,41
2011,0,41
2012,10,41
2013,0,41
2014,0,41
2015,0,41
2016,0,41
2017,0,41
2018,0,41
2019,0,41
2007,0,42
2008,0,42
2009,0,42
2010,5,42
2011,6,42
2012,0,42
2013,0,42
2014,0,42
2015,0,42
2016,0,42
2017,0,42
2018,0,42
2019,0,42
2007,0,43
2008,0,43
2009,0,43
2010,0,43
2011,0,43
2012,11,43
2013,0,43
2014,0,43
2015,0,43
2016,0,43
2017,0,43
2018,0,43
2019,0,43
2007,0,44
2008,1,44
2009,0,44
2010,0,44
2011,0,44
2012,0,44
2013,0,44
2014,0,44
2015,10,44
2016,0,44
2017,0,44
2018,0,44
2019,0,44
2007,2,45
2008,0,45
2009,3,45
2010,0,45
2011,0,45
2012,0,45
2013,0,45
2014,0,45
2015,0,45
2016,1,45
2017,5,45
2018,0,45
2019,0,45
2007,0,46
2008,1,46
2009,0,46
2010,0,46
2011,2,46
2012,2,46
2013,6,46
2014,0,46
2015,0,46
2016,0,46
2017,0,46
2018,0,46
2019,0,46
2007,0,47
2008,0,47
2009,0,47
2010,0,47
2011,0,47
2012,0,47
2013,0,47
2014,0,47
2015,0,47
2016,0,47
2017,3,47
2018,3,47
2019,5,47
2007,0,48
2008,0,48
2009,0,48
2010,0,48
2011,0,48
2012,0,48
2013,0,48
2014,0,48
2015,0,48
2016,0,48
2017,5,48
2018,6,48
2019,0,48
2007,0,49
2008,0,49
2009,0,49
2010,0,49
2011,0,49
2012,2,49
2013,4,49
2014,0,49
2015,1,49
2016,5,49
2017,0,49
2018,0,49
2019,0,49
2007,0,50
2008,0,50
2009,4,50
2010,3,50
2011,0,50
2012,2,50
2013,3,50
2014,0,50
2015,0,50
2016,0,50
2017,0,50
2018,0,50
2019,0,50
2007,0,51
2008,0,51
2009,0,51
2010,0,51
2011,0,51
2012,2,51
2013,1,51
2014,0,51
2015,2,51
2016,4,51
2017,1,51
2018,1,51
2019,1,51
2007,0,52
2008,0,52
2009,0,52
2010,12,52
2011,0,52
2012,0,52
2013,0,52
2014,0,52
2015,0,52
2016,0,52
2017,0,52
2018,0,52
2019,0,52
2007,0,53
2008,0,53
2009,4,53
2010,2,53
2011,3,53
2012,0,53
2013,1,53
2014,1,53
2015,0,53
2016,1,53
2017,0,53
2018,0,53
2019,0,53
2007,0,54
2008,0,54
2009,0,54
2010,0,54
2011,0,54
2012,0,54
2013,0,54
2014,0,54
2015,0,54
2016,2,54
2017,2,54
2018,6,54
2019,2,54
2007,0,55
2008,0,55
2009,0,55
2010,0,55
2011,0,55
2012,0,55
2013,0,55
2014,0,55
2015,12,55
2016,0,55
2017,0,55
2018,0,55
2019,0,55
2007,0,56
2008,0,56
2009,0,56
2010,0,56
2011,0,56
2012,0,56
2013,0,56
2014,0,56
2015,0,56
2016,1,56
2017,4,56
2018,5,56
2019,2,56
2007,0,57
2008,0,57
2009,0,57
2010,0,57
2011,0,57
2012,0,57
2013,0,57
2014,12,57
2015,0,57
2016,0,57
2017,0,57
2018,0,57
2019,0,57
2007,0,58
2008,0,58
2009,0,58
2010,0,58
2011,2,58
2012,3,58
2013,4,58
2014,1,58
2015,1,58
2016,2,58
2017,0,58
2018,0,58
2019,0,58
2007,0,59
2008,0,59
2009,0,59
2010,0,59
2011,0,59
2012,0,59
2013,0,59
2014,0,59
2015,0,59
2016,8,59
2017,2,59
2018,2,59
2019,1,59
2007,0,60
2008,0,60
2009,3,60
2010,5,60
2011,3,60
2012,0,60
2013,0,60
2014,1,60
2015,1,60
2016,0,60
2017,0,60
2018,0,60
2019,0,60
2007,0,61
2008,0,61
2009,0,61
2010,0,61
2011,0,61
2012,0,61
2013,2,61
2014,11,61
2015,0,61
2016,0,61
2017,0,61
2018,0,61
2019,0,61
2007,0,62
2008,0,62
2009,0,62
2010,0,62
2011,0,62
2012,0,62
2013,0,62
2014,3,62
2015,11,62
2016,0,62
2017,0,62
2018,0,62
2019,0,62
2007,0,63
2008,0,63
2009,0,63
2010,0,63
2011,0,63
2012,0,63
2013,0,63
2014,0,63
2015,9,63
2016,5,63
2017,0,63
2018,0,63
2019,0,63
2007,0,64
2008,0,64
2009,0,64
2010,0,64
2011,0,64
2012,0,64
2013,0,64
2014,0,64
2015,0,64
2016,0,64
2017,7,64
2018,7,64
2019,0,64
2007,0,65
2008,1,65
2009,0,65
2010,0,65
2011,3,65
2012,2,65
2013,0,65
2014,1,65
2015,2,65
2016,2,65
2017,0,65
2018,2,65
2019,1,65
2007,0,66
2008,0,66
2009,0,66
2010,2,66
2011,0,66
2012,0,66
2013,1,66
2014,10,66
2015,0,66
2016,1,66
2017,0,66
2018,0,66
2019,0,66
2007,0,67
2008,0,67
2009,0,67
2010,0,67
2011,0,67
2012,0,67
2013,0,67
2014,13,67
2015,1,67
2016,0,67
2017,0,67
2018,0,67
2019,0,67
2007,0,68
2008,0,68
2009,0,68
2010,0,68
2011,0,68
2012,0,68
2013,0,68
2014,5,68
2015,7,68
2016,2,68
2017,0,68
2018,0,68
2019,0,68
2007,0,69
2008,0,69
2009,0,69
2010,0,69
2011,0,69
2012,0,69
2013,0,69
2014,13,69
2015,0,69
2016,0,69
2017,0,69
2018,0,69
2019,1,69
2007,0,70
2008,0,70
2009,0,70
2010,0,70
2011,0,70
2012,0,70
2013,2,70
2014,12,70
2015,0,70
2016,0,70
2017,0,70
2018,0,70
2019,0,70
2007,0,71
2008,0,71
2009,0,71
2010,0,71
2011,0,71
2012,0,71
2013,0,71
2014,2,71
2015,4,71
2016,2,71
2017,4,71
2018,2,71
2019,1,71
2007,0,72
2008,0,72
2009,0,72
2010,0,72
2011,0,72
2012,15,72
2013,0,72
2014,0,72
2015,0,72
2016,0,72
2017,0,72
2018,0,72
2019,0,72
2007,11,73
2008,4,73
2009,0,73
2010,0,73
2011,0,73
2012,0,73
2013,0,73
2014,0,73
2015,0,73
2016,0,73
2017,0,73
2018,0,73
2019,0,73
2007,0,74
2008,14,74
2009,1,74
2010,0,74
2011,0,74
2012,0,74
2013,0,74
2014,0,74
2015,0,74
2016,0,74
2017,0,74
2018,0,74
2019,0,74
2007,0,75
2008,0,75
2009,0,75
2010,0,75
2011,3,75
2012,0,75
2013,0,75
2014,2,75
2015,10,75
2016,0,75
2017,0,75
2018,0,75
2019,0,75
2007,2,76
2008,11,76
2009,2,76
2010,0,76
2011,0,76
2012,0,76
2013,0,76
2014,0,76
2015,0,76
2016,0,76
2017,0,76
2018,0,76
2019,0,76
2007,0,77
2008,3,77
2009,0,77
2010,0,77
2011,0,77
2012,9,77
2013,0,77
2014,1,77
2015,0,77
2016,1,77
2017,0,77
2018,1,77
2019,0,77
2007,0,78
2008,0,78
2009,0,78
2010,0,78
2011,0,78
2012,1,78
2013,5,78
2014,1,78
2015,4,78
2016,2,78
2017,1,78
2018,1,78
2019,0,78
2007,0,79
2008,0,79
2009,0,79
2010,0,79
2011,0,79
2012,0,79
2013,0,79
2014,0,79
2015,0,79
2016,0,79
2017,6,79
2018,4,79
2019,6,79
2007,0,80
2008,0,80
2009,0,80
2010,0,80
2011,0,80
2012,9,80
2013,7,80
2014,0,80
2015,0,80
2016,0,80
2017,0,80
2018,0,80
2019,0,80
2007,0,81
2008,0,81
2009,1,81
2010,12,81
2011,3,81
2012,0,81
2013,0,81
2014,0,81
2015,0,81
2016,0,81
2017,0,81
2018,0,81
2019,0,81
2007,0,82
2008,0,82
2009,0,82
2010,0,82
2011,0,82
2012,0,82
2013,4,82
2014,8,82
2015,5,82
2016,0,82
2017,0,82
2018,0,82
2019,0,82
2007,0,83
2008,0,83
2009,0,83
2010,0,83
2011,0,83
2012,0,83
2013,6,83
2014,4,83
2015,1,83
2016,1,83
2017,0,83
2018,3,83
2019,3,83
2007,0,84
2008,0,84
2009,0,84
2010,0,84
2011,0,84
2012,15,84
2013,0,84
2014,0,84
2015,0,84
2016,1,84
2017,0,84
2018,2,84
2019,0,84
2007,0,85
2008,0,85
2009,5,85
2010,4,85
2011,6,85
2012,3,85
2013,0,85
2014,0,85
2015,0,85
2016,0,85
2017,0,85
2018,0,85
2019,0,85
2007,0,86
2008,0,86
2009,0,86
2010,0,86
2011,0,86
2012,0,86
2013,11,86
2014,5,86
2015,2,86
2016,0,86
2017,0,86
2018,0,86
2019,0,86
2007,0,87
2008,0,87
2009,0,87
2010,18,87
2011,1,87
2012,0,87
2013,0,87
2014,0,87
2015,0,87
2016,0,87
2017,0,87
2018,0,87
2019,0,87
2007,0,88
2008,0,88
2009,0,88
2010,0,88
2011,11,88
2012,6,88
2013,2,88
2014,0,88
2015,0,88
2016,0,88
2017,0,88
2018,0,88
2019,0,88
2007,0,89
2008,0,89
2009,0,89
2010,16,89
2011,0,89
2012,0,89
2013,0,89
2014,0,89
2015,2,89
2016,1,89
2017,0,89
2018,0,89
2019,1,89
2007,0,90
2008,0,90
2009,0,90
2010,0,90
2011,13,90
2012,0,90
2013,0,90
2014,7,90
2015,0,90
2016,0,90
2017,0,90
2018,0,90
2019,0,90
2007,20,91
2008,0,91
2009,0,91
2010,0,91
2011,0,91
2012,0,91
2013,0,91
2014,0,91
2015,0,91
2016,0,91
2017,0,91
2018,0,91
2019,0,91
2007,0,92
2008,0,92
2009,20,92
2010,0,92
2011,0,92
2012,0,92
2013,0,92
2014,0,92
2015,0,92
2016,0,92
2017,0,92
2018,0,92
2019,0,92
2007,0,93
2008,0,93
2009,0,93
2010,0,93
2011,0,93
2012,0,93
2013,20,93
2014,0,93
2015,0,93
2016,0,93
2017,0,93
2018,0,93
2019,0,93
2007,0,94
2008,0,94
2009,0,94
2010,0,94
2011,2,94
2012,1,94
2013,0,94
2014,0,94
2015,0,94
2016,3,94
2017,7,94
2018,6,94
2019,3,94
2007,0,95
2008,0,95
2009,0,95
2010,0,95
2011,0,95
2012,0,95
2013,0,95
2014,10,95
2015,13,95
2016,0,95
2017,0,95
2018,0,95
2019,0,95
2007,0,96
2008,0,96
2009,0,96
2010,0,96
2011,0,96
2012,0,96
2013,0,96
2014,9,96
2015,7,96
2016,2,96
2017,2,96
2018,2,96
2019,1,96
2007,0,97
2008,0,97
2009,0,97
2010,0,97
2011,0,97
2012,3,97
2013,0,97
2014,18,97
2015,0,97
2016,1,97
2017,0,97
2018,1,97
2019,0,97
2007,0,98
2008,0,98
2009,0,98
2010,0,98
2011,3,98
2012,7,98
2013,0,98
2014,8,98
2015,5,98
2016,0,98
2017,0,98
2018,0,98
2019,0,98
2007,0,99
2008,0,99
2009,2,99
2010,0,99
2011,3,99
2012,9,99
2013,0,99
2014,7,99
2015,2,99
2016,0,99
2017,0,99
2018,0,99
2019,0,99
2007,0,100
2008,4,100
2009,7,100
2010,7,100
2011,2,100
2012,0,100
2013,0,100
2014,0,100
2015,0,100
2016,2,100
2017,1,100
2018,0,100
2019,1,100
2007,25,101
2008,0,101
2009,0,101
2010,0,101
2011,0,101
2012,0,101
2013,0,101
2014,0,101
2015,0,101
2016,0,101
2017,0,101
2018,0,101
2019,0,101
2007,0,102
2008,0,102
2009,0,102
2010,0,102
2011,2,102
2012,4,102
2013,8,102
2014,3,102
2015,5,102
2016,3,102
2017,0,102
2018,0,102
2019,0,102
2007,0,103
2008,0,103
2009,0,103
2010,3,103
2011,14,103
2012,8,103
2013,0,103
2014,0,103
2015,0,103
2016,0,103
2017,0,103
2018,0,103
2019,0,103
2007,0,104
2008,0,104
2009,0,104
2010,0,104
2011,0,104
2012,0,104
2013,0,104
2014,10,104
2015,12,104
2016,4,104
2017,0,104
2018,0,104
2019,0,104
2007,0,105
2008,1,105
2009,2,105
2010,7,105
2011,1,105
2012,3,105
2013,4,105
2014,1,105
2015,3,105
2016,1,105
2017,1,105
2018,1,105
2019,1,105
2007,0,106
2008,0,106
2009,0,106
2010,0,106
2011,11,106
2012,10,106
2013,5,106
2014,0,106
2015,0,106
2016,0,106
2017,0,106
2018,0,106
2019,0,106
2007,0,107
2008,0,107
2009,0,107
2010,0,107
2011,0,107
2012,3,107
2013,2,107
2014,22,107
2015,0,107
2016,0,107
2017,0,107
2018,0,107
2019,0,107
2007,7,108
2008,9,108
2009,11,108
2010,0,108
2011,0,108
2012,0,108
2013,0,108
2014,0,108
2015,0,108
2016,0,108
2017,0,108
2018,0,108
2019,0,108
2007,0,109
2008,0,109
2009,0,109
2010,0,109
2011,6,109
2012,22,109
2013,0,109
2014,0,109
2015,0,109
2016,0,109
2017,0,109
2018,0,109
2019,0,109
2007,0,110
2008,0,110
2009,0,110
2010,0,110
2011,0,110
2012,0,110
2013,0,110
2014,0,110
2015,0,110
2016,10,110
2017,7,110
2018,7,110
2019,4,110
2007,0,111
2008,0,111
2009,2,111
2010,26,111
2011,0,111
2012,0,111
2013,0,111
2014,0,111
2015,0,111
2016,0,111
2017,0,111
2018,0,111
2019,0,111
2007,0,112
2008,0,112
2009,11,112
2010,7,112
2011,0,112
2012,10,112
2013,0,112
2014,0,112
2015,0,112
2016,0,112
2017,0,112
2018,0,112
2019,0,112
2007,0,113
2008,0,113
2009,0,113
2010,1,113
2011,9,113
2012,13,113
2013,6,113
2014,0,113
2015,0,113
2016,0,113
2017,0,113
2018,0,113
2019,0,113
2007,0,114
2008,0,114
2009,9,114
2010,16,114
2011,2,114
2012,0,114
2013,0,114
2014,0,114
2015,2,114
2016,0,114
2017,0,114
2018,0,114
2019,0,114
2007,0,115
2008,1,115
2009,2,115
2010,1,115
2011,11,115
2012,2,115
2013,12,115
2014,0,115
2015,0,115
2016,0,115
2017,0,115
2018,0,115
2019,0,115
2007,0,116
2008,0,116
2009,5,116
2010,6,116
2011,7,116
2012,9,116
2013,1,116
2014,0,116
2015,1,116
2016,0,116
2017,0,116
2018,0,116
2019,0,116
2007,0,117
2008,0,117
2009,0,117
2010,0,117
2011,0,117
2012,0,117
2013,0,117
2014,21,117
2015,8,117
2016,0,117
2017,0,117
2018,0,117
2019,0,117
2007,0,118
2008,2,118
2009,12,118
2010,15,118
2011,0,118
2012,0,118
2013,0,118
2014,0,118
2015,1,118
2016,0,118
2017,0,118
2018,0,118
2019,0,118
2007,0,119
2008,0,119
2009,0,119
2010,4,119
2011,0,119
2012,0,119
2013,0,119
2014,0,119
2015,0,119
2016,26,119
2017,0,119
2018,0,119
2019,0,119
2007,0,120
2008,0,120
2009,0,120
2010,0,120
2011,0,120
2012,8,120
2013,22,120
2014,0,120
2015,0,120
2016,0,120
2017,0,120
2018,0,120
2019,0,120
2007,0,121
2008,0,121
2009,0,121
2010,0,121
2011,0,121
2012,0,121
2013,0,121
2014,1,121
2015,6,121
2016,24,121
2017,0,121
2018,0,121
2019,0,121
2007,31,122
2008,0,122
2009,0,122
2010,0,122
2011,0,122
2012,0,122
2013,0,122
2014,0,122
2015,0,122
2016,0,122
2017,0,122
2018,0,122
2019,0,122
2007,0,123
2008,0,123
2009,0,123
2010,0,123
2011,1,123
2012,15,123
2013,3,123
2014,3,123
2015,8,123
2016,1,123
2017,0,123
2018,0,123
2019,0,123
2007,0,124
2008,0,124
2009,0,124
2010,1,124
2011,1,124
2012,14,124
2013,5,124
2014,3,124
2015,6,124
2016,2,124
2017,0,124
2018,0,124
2019,0,124
2007,8,125
2008,1,125
2009,0,125
2010,7,125
2011,15,125
2012,1,125
2013,0,125
2014,0,125
2015,0,125
2016,0,125
2017,0,125
2018,0,125
2019,0,125
2007,0,126
2008,0,126
2009,0,126
2010,9,126
2011,11,126
2012,7,126
2013,1,126
2014,0,126
2015,1,126
2016,0,126
2017,1,126
2018,1,126
2019,3,126
2007,0,127
2008,0,127
2009,1,127
2010,5,127
2011,1,127
2012,2,127
2013,6,127
2014,1,127
2015,8,127
2016,3,127
2017,2,127
2018,4,127
2019,1,127
2007,7,128
2008,25,128
2009,3,128
2010,0,128
2011,0,128
2012,0,128
2013,0,128
2014,0,128
2015,0,128
2016,0,128
2017,0,128
2018,0,128
2019,0,128
2007,0,129
2008,0,129
2009,0,129
2010,35,129
2011,0,129
2012,0,129
2013,0,129
2014,0,129
2015,0,129
2016,0,129
2017,0,129
2018,0,129
2019,0,129
2007,0,130
2008,9,130
2009,3,130
2010,7,130
2011,4,130
2012,2,130
2013,6,130
2014,0,130
2015,0,130
2016,1,130
2017,0,130
2018,3,130
2019,0,130
2007,0,131
2008,0,131
2009,0,131
2010,37,131
2011,0,131
2012,0,131
2013,0,131
2014,0,131
2015,0,131
2016,0,131
2017,0,131
2018,0,131
2019,0,131
2007,0,132
2008,0,132
2009,0,132
2010,0,132
2011,0,132
2012,0,132
2013,0,132
2014,0,132
2015,29,132
2016,3,132
2017,0,132
2018,4,132
2019,1,132
2007,0,133
2008,3,133
2009,1,133
2010,3,133
2011,4,133
2012,0,133
2013,16,133
2014,3,133
2015,1,133
2016,2,133
2017,2,133
2018,2,133
2019,0,133
2007,0,134
2008,0,134
2009,0,134
2010,0,134
2011,0,134
2012,0,134
2013,0,134
2014,1,134
2015,18,134
2016,10,134
2017,5,134
2018,4,134
2019,0,134
2007,0,135
2008,0,135
2009,0,135
2010,5,135
2011,2,135
2012,1,135
2013,0,135
2014,9,135
2015,5,135
2016,9,135
2017,1,135
2018,5,135
2019,1,135
2007,1,136
2008,0,136
2009,3,136
2010,20,136
2011,9,136
2012,5,136
2013,0,136
2014,0,136
2015,0,136
2016,0,136
2017,0,136
2018,0,136
2019,0,136
2007,0,137
2008,0,137
2009,10,137
2010,18,137
2011,0,137
2012,11,137
2013,0,137
2014,0,137
2015,0,137
2016,0,137
2017,0,137
2018,0,137
2019,0,137
2007,0,138
2008,0,138
2009,0,138
2010,0,138
2011,1,138
2012,0,138
2013,26,138
2014,0,138
2015,0,138
2016,13,138
2017,0,138
2018,0,138
2019,0,138
2007,0,139
2008,0,139
2009,0,139
2010,0,139
2011,0,139
2012,0,139
2013,1,139
2014,30,139
2015,10,139
2016,0,139
2017,0,139
2018,0,139
2019,0,139
2007,0,140
2008,0,140
2009,1,140
2010,3,140
2011,1,140
2012,14,140
2013,9,140
2014,1,140
2015,2,140
2016,9,140
2017,1,140
2018,0,140
2019,1,140
2007,0,141
2008,0,141
2009,0,141
2010,17,141
2011,4,141
2012,8,141
2013,2,141
2014,6,141
2015,6,141
2016,0,141
2017,0,141
2018,0,141
2019,0,141
2007,3,142
2008,2,142
2009,0,142
2010,12,142
2011,14,142
2012,0,142
2013,0,142
2014,8,142
2015,0,142
2016,0,142
2017,3,142
2018,0,142
2019,1,142
2007,0,143
2008,0,143
2009,0,143
2010,0,143
2011,5,143
2012,7,143
2013,14,143
2014,12,143
2015,6,143
2016,0,143
2017,0,143
2018,0,143
2019,0,143
2007,1,144
2008,0,144
2009,0,144
2010,0,144
2011,0,144
2012,0,144
2013,1,144
2014,1,144
2015,29,144
2016,11,144
2017,1,144
2018,1,144
2019,0,144
2007,0,145
2008,0,145
2009,0,145
2010,2,145
2011,7,145
2012,18,145
2013,8,145
2014,9,145
2015,3,145
2016,0,145
2017,0,145
2018,0,145
2019,0,145
2007,16,146
2008,8,146
2009,8,146
2010,14,146
2011,1,146
2012,0,146
2013,0,146
2014,0,146
2015,0,146
2016,0,146
2017,0,146
2018,0,146
2019,0,146
2007,0,147
2008,0,147
2009,0,147
2010,6,147
2011,13,147
2012,14,147
2013,5,147
2014,1,147
2015,9,147
2016,0,147
2017,0,147
2018,0,147
2019,0,147
2007,0,148
2008,0,148
2009,0,148
2010,0,148
2011,0,148
2012,0,148
2013,0,148
2014,19,148
2015,18,148
2016,11,148
2017,0,148
2018,0,148
2019,0,148
2007,0,149
2008,0,149
2009,0,149
2010,1,149
2011,0,149
2012,17,149
2013,7,149
2014,2,149
2015,7,149
2016,9,149
2017,0,149
2018,3,149
2019,2,149
2007,0,150
2008,0,150
2009,0,150
2010,0,150
2011,0,150
2012,0,150
2013,0,150
2014,7,150
2015,21,150
2016,8,150
2017,6,150
2018,6,150
2019,0,150
2007,13,151
2008,7,151
2009,4,151
2010,9,151
2011,8,151
2012,8,151
2013,0,151
2014,0,151
2015,0,151
2016,0,151
2017,0,151
2018,0,151
2019,0,151
2007,11,152
2008,3,152
2009,0,152
2010,5,152
2011,12,152
2012,6,152
2013,5,152
2014,7,152
2015,2,152
2016,0,152
2017,0,152
2018,0,152
2019,0,152
2007,0,153
2008,0,153
2009,6,153
2010,13,153
2011,17,153
2012,9,153
2013,0,153
2014,1,153
2015,3,153
2016,0,153
2017,0,153
2018,0,153
2019,2,153
2007,0,154
2008,17,154
2009,15,154
2010,2,154
2011,2,154
2012,0,154
2013,17,154
2014,0,154
2015,0,154
2016,0,154
2017,0,154
2018,0,154
2019,0,154
2007,0,155
2008,0,155
2009,0,155
2010,0,155
2011,4,155
2012,1,155
2013,14,155
2014,9,155
2015,26,155
2016,1,155
2017,0,155
2018,0,155
2019,0,155
2007,0,156
2008,0,156
2009,0,156
2010,0,156
2011,8,156
2012,42,156
2013,0,156
2014,0,156
2015,6,156
2016,0,156
2017,0,156
2018,0,156
2019,0,156
2007,4,157
2008,0,157
2009,2,157
2010,0,157
2011,0,157
2012,32,157
2013,17,157
2014,0,157
2015,2,157
2016,0,157
2017,0,157
2018,0,157
2019,0,157
2007,0,158
2008,0,158
2009,0,158
2010,0,158
2011,0,158
2012,0,158
2013,18,158
2014,8,158
2015,12,158
2016,8,158
2017,8,158
2018,2,158
2019,2,158
2007,0,159
2008,0,159
2009,0,159
2010,0,159
2011,0,159
2012,2,159
2013,11,159
2014,10,159
2015,15,159
2016,16,159
2017,0,159
2018,0,159
2019,4,159
2007,0,160
2008,5,160
2009,9,160
2010,27,160
2011,12,160
2012,5,160
2013,1,160
2014,0,160
2015,0,160
2016,0,160
2017,0,160
2018,0,160
2019,0,160
2007,1,161
2008,17,161
2009,4,161
2010,20,161
2011,13,161
2012,1,161
2013,4,161
2014,0,161
2015,0,161
2016,0,161
2017,0,161
2018,0,161
2019,0,161
2007,0,162
2008,0,162
2009,0,162
2010,0,162
2011,0,162
2012,28,162
2013,7,162
2014,5,162
2015,9,162
2016,7,162
2017,2,162
2018,1,162
2019,2,162
2007,0,163
2008,0,163
2009,0,163
2010,0,163
2011,5,163
2012,9,163
2013,2,163
2014,7,163
2015,1,163
2016,28,163
2017,3,163
2018,2,163
2019,4,163
2007,2,164
2008,1,164
2009,0,164
2010,0,164
2011,1,164
2012,5,164
2013,24,164
2014,28,164
2015,0,164
2016,0,164
2017,0,164
2018,0,164
2019,0,164
2007,0,165
2008,0,165
2009,0,165
2010,0,165
2011,0,165
2012,0,165
2013,0,165
2014,15,165
2015,10,165
2016,10,165
2017,8,165
2018,13,165
2019,6,165
2007,0,166
2008,0,166
2009,0,166
2010,0,166
2011,0,166
2012,6,166
2013,17,166
2014,14,166
2015,22,166
2016,3,166
2017,0,166
2018,0,166
2019,0,166
2007,0,167
2008,0,167
2009,0,167
2010,0,167
2011,0,167
2012,2,167
2013,6,167
2014,8,167
2015,28,167
2016,5,167
2017,4,167
2018,5,167
2019,5,167
2007,0,168
2008,0,168
2009,0,168
2010,0,168
2011,0,168
2012,0,168
2013,0,168
2014,0,168
2015,10,168
2016,25,168
2017,12,168
2018,12,168
2019,5,168
2007,0,169
2008,10,169
2009,9,169
2010,21,169
2011,0,169
2012,4,169
2013,5,169
2014,8,169
2015,7,169
2016,1,169
2017,0,169
2018,0,169
2019,0,169
2007,3,170
2008,14,170
2009,7,170
2010,19,170
2011,20,170
2012,2,170
2013,0,170
2014,0,170
2015,0,170
2016,0,170
2017,0,170
2018,0,170
2019,0,170
2007,8,171
2008,12,171
2009,7,171
2010,12,171
2011,5,171
2012,17,171
2013,5,171
2014,0,171
2015,0,171
2016,0,171
2017,0,171
2018,0,171
2019,0,171
2007,19,172
2008,0,172
2009,0,172
2010,20,172
2011,27,172
2012,0,172
2013,0,172
2014,0,172
2015,0,172
2016,0,172
2017,0,172
2018,0,172
2019,0,172
2007,0,173
2008,21,173
2009,46,173
2010,0,173
2011,0,173
2012,0,173
2013,0,173
2014,0,173
2015,0,173
2016,0,173
2017,0,173
2018,0,173
2019,0,173
2007,0,174
2008,3,174
2009,9,174
2010,0,174
2011,7,174
2012,45,174
2013,0,174
2014,5,174
2015,0,174
2016,0,174
2017,0,174
2018,0,174
2019,0,174
2007,0,175
2008,0,175
2009,0,175
2010,0,175
2011,0,175
2012,42,175
2013,22,175
2014,7,175
2015,0,175
2016,0,175
2017,0,175
2018,0,175
2019,0,175
2007,6,176
2008,5,176
2009,9,176
2010,4,176
2011,4,176
2012,6,176
2013,3,176
2014,8,176
2015,7,176
2016,5,176
2017,7,176
2018,6,176
2019,2,176
2007,0,177
2008,0,177
2009,0,177
2010,0,177
2011,5,177
2012,18,177
2013,8,177
2014,11,177
2015,11,177
2016,9,177
2017,3,177
2018,5,177
2019,2,177
2007,0,178
2008,0,178
2009,0,178
2010,0,178
2011,16,178
2012,20,178
2013,2,178
2014,11,178
2015,3,178
2016,20,178
2017,0,178
2018,0,178
2019,0,178
2007,0,179
2008,0,179
2009,0,179
2010,0,179
2011,0,179
2012,0,179
2013,15,179
2014,13,179
2015,14,179
2016,27,179
2017,4,179
2018,0,179
2019,0,179
2007,0,180
2008,0,180
2009,0,180
2010,0,180
2011,0,180
2012,0,180
2013,51,180
2014,21,180
2015,0,180
2016,1,180
2017,0,180
2018,0,180
2019,0,180
2007,0,181
2008,0,181
2009,6,181
2010,64,181
2011,5,181
2012,0,181
2013,0,181
2014,0,181
2015,0,181
2016,0,181
2017,0,181
2018,0,181
2019,0,181
2007,3,182
2008,6,182
2009,4,182
2010,3,182
2011,9,182
2012,5,182
2013,13,182
2014,5,182
2015,22,182
2016,3,182
2017,2,182
2018,0,182
2019,0,182
2007,1,183
2008,0,183
2009,1,183
2010,0,183
2011,1,183
2012,45,183
2013,2,183
2014,1,183
2015,24,183
2016,1,183
2017,0,183
2018,0,183
2019,0,183
2007,0,184
2008,0,184
2009,0,184
2010,0,184
2011,0,184
2012,5,184
2013,31,184
2014,22,184
2015,9,184
2016,6,184
2017,4,184
2018,0,184
2019,1,184
2007,1,185
2008,2,185
2009,2,185
2010,11,185
2011,10,185
2012,13,185
2013,1,185
2014,34,185
2015,6,185
2016,0,185
2017,0,185
2018,0,185
2019,0,185
2007,14,186
2008,2,186
2009,10,186
2010,45,186
2011,5,186
2012,3,186
2013,0,186
2014,0,186
2015,0,186
2016,0,186
2017,0,186
2018,0,186
2019,1,186
2007,0,187
2008,0,187
2009,0,187
2010,0,187
2011,0,187
2012,0,187
2013,17,187
2014,16,187
2015,17,187
2016,8,187
2017,8,187
2018,10,187
2019,4,187
2007,0,188
2008,3,188
2009,0,188
2010,11,188
2011,10,188
2012,11,188
2013,6,188
2014,6,188
2015,8,188
2016,16,188
2017,5,188
2018,3,188
2019,2,188
2007,0,189
2008,0,189
2009,0,189
2010,0,189
2011,0,189
2012,23,189
2013,13,189
2014,16,189
2015,17,189
2016,7,189
2017,1,189
2018,4,189
2019,2,189
2007,7,190
2008,1,190
2009,8,190
2010,19,190
2011,3,190
2012,28,190
2013,4,190
2014,5,190
2015,6,190
2016,0,190
2017,1,190
2018,2,190
2019,0,190
2007,5,191
2008,27,191
2009,17,191
2010,18,191
2011,11,191
2012,10,191
2013,0,191
2014,0,191
2015,0,191
2016,0,191
2017,0,191
2018,0,191
2019,0,191
2007,0,192
2008,6,192
2009,8,192
2010,46,192
2011,2,192
2012,18,192
2013,1,192
2014,1,192
2015,4,192
2016,1,192
2017,0,192
2018,1,192
2019,1,192
2007,0,193
2008,0,193
2009,0,193
2010,15,193
2011,2,193
2012,0,193
2013,5,193
2014,22,193
2015,1,193
2016,43,193
2017,0,193
2018,1,193
2019,1,193
2007,0,194
2008,13,194
2009,36,194
2010,20,194
2011,20,194
2012,1,194
2013,0,194
2014,0,194
2015,0,194
2016,0,194
2017,0,194
2018,0,194
2019,0,194
2007,0,195
2008,8,195
2009,15,195
2010,26,195
2011,16,195
2012,9,195
2013,18,195
2014,0,195
2015,0,195
2016,0,195
2017,0,195
2018,0,195
2019,0,195
2007,7,196
2008,9,196
2009,27,196
2010,42,196
2011,9,196
2012,0,196
2013,0,196
2014,0,196
2015,0,196
2016,0,196
2017,0,196
2018,0,196
2019,0,196
2007,11,197
2008,7,197
2009,11,197
2010,13,197
2011,31,197
2012,4,197
2013,3,197
2014,4,197
2015,2,197
2016,6,197
2017,2,197
2018,1,197
2019,2,197
2007,24,198
2008,17,198
2009,27,198
2010,8,198
2011,15,198
2012,4,198
2013,3,198
2014,0,198
2015,0,198
2016,0,198
2017,0,198
2018,0,198
2019,0,198
2007,0,199
2008,12,199
2009,8,199
2010,23,199
2011,6,199
2012,4,199
2013,8,199
2014,6,199
2015,9,199
2016,8,199
2017,6,199
2018,6,199
2019,3,199
2007,14,200
2008,23,200
2009,25,200
2010,19,200
2011,14,200
2012,4,200
2013,0,200
2014,0,200
2015,0,200
2016,0,200
2017,0,200
2018,0,200
2019,0,200
2007,3,201
2008,6,201
2009,9,201
2010,12,201
2011,12,201
2012,8,201
2013,10,201
2014,17,201
2015,15,201
2016,1,201
2017,0,201
2018,1,201
2019,5,201
2007,14,202
2008,3,202
2009,6,202
2010,15,202
2011,12,202
2012,8,202
2013,7,202
2014,6,202
2015,11,202
2016,7,202
2017,4,202
2018,2,202
2019,6,202
2007,11,203
2008,5,203
2009,11,203
2010,20,203
2011,14,203
2012,5,203
2013,6,203
2014,3,203
2015,25,203
2016,0,203
2017,0,203
2018,1,203
2019,0,203
2007,8,204
2008,12,204
2009,14,204
2010,10,204
2011,16,204
2012,9,204
2013,16,204
2014,10,204
2015,9,204
2016,0,204
2017,0,204
2018,0,204
2019,0,204
2007,0,205
2008,3,205
2009,19,205
2010,27,205
2011,26,205
2012,26,205
2013,8,205
2014,0,205
2015,0,205
2016,0,205
2017,0,205
2018,0,205
2019,0,205
2007,0,206
2008,0,206
2009,6,206
2010,16,206
2011,6,206
2012,7,206
2013,1,206
2014,5,206
2015,31,206
2016,12,206
2017,9,206
2018,10,206
2019,6,206
2007,12,207
2008,12,207
2009,9,207
2010,20,207
2011,25,207
2012,18,207
2013,15,207
2014,2,207
2015,0,207
2016,0,207
2017,0,207
2018,0,207
2019,0,207
2007,5,208
2008,6,208
2009,4,208
2010,10,208
2011,4,208
2012,27,208
2013,9,208
2014,8,208
2015,16,208
2016,9,208
2017,6,208
2018,8,208
2019,1,208
2007,0,209
2008,0,209
2009,0,209
2010,30,209
2011,49,209
2012,34,209
2013,1,209
2014,0,209
2015,0,209
2016,0,209
2017,0,209
2018,0,209
2019,0,209
2007,0,210
2008,9,210
2009,12,210
2010,20,210
2011,53,210
2012,11,210
2013,9,210
2014,0,210
2015,0,210
2016,0,210
2017,0,210
2018,0,210
2019,0,210
2007,12,211
2008,13,211
2009,23,211
2010,16,211
2011,21,211
2012,9,211
2013,12,211
2014,5,211
2015,3,211
2016,6,211
2017,3,211
2018,1,211
2019,0,211
2007,14,212
2008,11,212
2009,14,212
2010,12,212
2011,10,212
2012,13,212
2013,13,212
2014,8,212
2015,21,212
2016,9,212
2017,7,212
2018,8,212
2019,5,212
2007,6,213
2008,7,213
2009,10,213
2010,10,213
2011,7,213
2012,18,213
2013,18,213
2014,21,213
2015,13,213
2016,13,213
2017,8,213
2018,8,213
2019,7,213
2007,0,214
2008,0,214
2009,13,214
2010,29,214
2011,11,214
2012,21,214
2013,20,214
2014,18,214
2015,12,214
2016,10,214
2017,5,214
2018,6,214
2019,4,214
2007,0,215
2008,0,215
2009,0,215
2010,0,215
2011,43,215
2012,62,215
2013,7,215
2014,9,215
2015,28,215
2016,0,215
2017,0,215
2018,0,215
2019,0,215
2007,14,216
2008,17,216
2009,21,216
2010,21,216
2011,7,216
2012,10,216
2013,9,216
2014,26,216
2015,12,216
2016,11,216
2017,9,216
2018,0,216
2019,0,216
2007,12,217
2008,9,217
2009,10,217
2010,24,217
2011,8,217
2012,11,217
2013,31,217
2014,17,217
2015,9,217
2016,9,217
2017,7,217
2018,7,217
2019,7,217
2007,0,218
2008,0,218
2009,9,218
2010,0,218
2011,7,218
2012,21,218
2013,22,218
2014,17,218
2015,15,218
2016,25,218
2017,18,218
2018,18,218
2019,9,218
2007,17,219
2008,16,219
2009,17,219
2010,50,219
2011,24,219
2012,38,219
2013,0,219
2014,0,219
2015,0,219
2016,0,219
2017,0,219
2018,0,219
2019,0,219
2007,14,220
2008,6,220
2009,14,220
2010,20,220
2011,14,220
2012,25,220
2013,10,220
2014,9,220
2015,26,220
2016,12,220
2017,7,220
2018,8,220
2019,5,220
2007,9,221
2008,23,221
2009,21,221
2010,8,221
2011,34,221
2012,9,221
2013,7,221
2014,17,221
2015,10,221
2016,9,221
2017,9,221
2018,9,221
2019,5,221
2007,12,222
2008,10,222
2009,13,222
2010,17,222
2011,11,222
2012,14,222
2013,12,222
2014,52,222
2015,10,222
2016,7,222
2017,5,222
2018,4,222
2019,3,222
2007,9,223
2008,12,223
2009,36,223
2010,15,223
2011,9,223
2012,14,223
2013,18,223
2014,9,223
2015,13,223
2016,12,223
2017,10,223
2018,12,223
2019,5,223
2007,12,224
2008,14,224
2009,17,224
2010,38,224
2011,19,224
2012,8,224
2013,1,224
2014,7,224
2015,25,224
2016,22,224
2017,5,224
2018,6,224
2019,4,224
2007,0,225
2008,0,225
2009,9,225
2010,34,225
2011,17,225
2012,16,225
2013,3,225
2014,35,225
2015,47,225
2016,9,225
2017,5,225
2018,8,225
2019,0,225
2007,12,226
2008,27,226
2009,40,226
2010,15,226
2011,24,226
2012,9,226
2013,22,226
2014,7,226
2015,9,226
2016,8,226
2017,2,226
2018,6,226
2019,3,226
2007,20,227
2008,5,227
2009,13,227
2010,17,227
2011,22,227
2012,13,227
2013,24,227
2014,15,227
2015,23,227
2016,14,227
2017,6,227
2018,8,227
2019,6,227
2007,7,228
2008,9,228
2009,3,228
2010,19,228
2011,19,228
2012,6,228
2013,31,228
2014,23,228
2015,31,228
2016,19,228
2017,9,228
2018,5,228
2019,6,228
2007,18,229
2008,20,229
2009,13,229
2010,3,229
2011,47,229
2012,20,229
2013,38,229
2014,18,229
2015,19,229
2016,2,229
2017,0,229
2018,1,229
2019,1,229
2007,20,230
2008,19,230
2009,22,230
2010,15,230
2011,31,230
2012,24,230
2013,24,230
2014,21,230
2015,12,230
2016,7,230
2017,4,230
2018,4,230
2019,0,230
2007,11,231
2008,33,231
2009,19,231
2010,23,231
2011,27,231
2012,16,231
2013,23,231
2014,13,231
2015,21,231
2016,11,231
2017,4,231
2018,2,231
2019,3,231
2007,12,232
2008,16,232
2009,14,232
2010,38,232
2011,47,232
2012,28,232
2013,6,232
2014,12,232
2015,14,232
2016,8,232
2017,4,232
2018,3,232
2019,8,232
2007,26,233
2008,5,233
2009,25,233
2010,25,233
2011,32,233
2012,31,233
2013,25,233
2014,25,233
2015,17,233
2016,0,233
2017,0,233
2018,0,233
2019,0,233
2007,4,234
2008,14,234
2009,22,234
2010,16,234
2011,23,234
2012,47,234
2013,24,234
2014,23,234
2015,33,234
2016,27,234
2017,0,234
2018,1,234
2019,1,234
2007,13,235
2008,25,235
2009,12,235
2010,16,235
2011,18,235
2012,4,235
2013,59,235
2014,36,235
2015,31,235
2016,15,235
2017,2,235
2018,4,235
2019,2,235
2007,12,236
2008,9,236
2009,10,236
2010,38,236
2011,30,236
2012,36,236
2013,43,236
2014,23,236
2015,27,236
2016,38,236
2017,1,236
2018,1,236
2019,6,236
2007,0,237
2008,0,237
2009,0,237
2010,0,237
2011,0,237
2012,2,237
2013,128,237
2014,57,237
2015,62,237
2016,19,237
2017,4,237
2018,3,237
2019,0,237
2007,14,238
2008,25,238
2009,23,238
2010,24,238
2011,29,238
2012,46,238
2013,43,238
2014,28,238
2015,46,238
2016,12,238
2017,4,238
2018,3,238
2019,3,238
2007,6,239
2008,14,239
2009,14,239
2010,19,239
2011,19,239
2012,41,239
2013,82,239
2014,28,239
2015,26,239
2016,24,239
2017,12,239
2018,13,239
2019,14,239
2007,0,240
2008,12,240
2009,25,240
2010,61,240
2011,29,240
2012,41,240
2013,37,240
2014,33,240
2015,39,240
2016,21,240
2017,7,240
2018,13,240
2019,4,240
2007,23,241
2008,33,241
2009,18,241
2010,39,241
2011,54,241
2012,45,241
2013,38,241
2014,29,241
2015,42,241
2016,21,241
2017,6,241
2018,3,241
2019,4,241
2007,15,242
2008,27,242
2009,45,242
2010,44,242
2011,41,242
2012,53,242
2013,52,242
2014,46,242
2015,31,242
2016,20,242
2017,12,242
2018,9,242
2019,6,242